-1.0, -6.0, -72.0, -53.0, 3.0, -65.0, 49.0, 30.0
2.0, 1.0, -10.0, -69.0, -12.0, 0.0, 2.0, -13.0
-1.0, 0.0, 37.0, 50.0, 11.0, -20.0, -17.0, -31.0
-2.0, -5.0, -29.0, 2.0, -18.0, -36.0, 1.0, -12.0
-8.0, -3.0, 18.0, -34.0, -11.0, 33.0, -9.0, -23.0
2.0, 1.0, -13.0, -23.0, 0.0, -14.0, -1.0, -20.0
-7.0, -10.0, -38.0, -64.0, -27.0, 0.0, 1.0, -7.0
4.0, 3.0, 13.0, 20.0, 9.0, 10.0, 7.0, -5.0
-3.0, 0.0, -1.0, 19.0, 5.0, 1.0, -3.0, -8.0
0.0, -6.0, 12.0, 16.0, -1.0, 0.0, -13.0, -21.0
0.0, 1.0, 26.0, 78.0, 18.0, 23.0, 14.0, -9.0
2.0, -2.0, -48.0, -108.0, -23.0, -19.0, -15.0, -26.0
-2.0, 3.0, 8.0, 32.0, -5.0, 3.0, 3.0, -10.0
0.0, 3.0, 21.0, 39.0, 17.0, -9.0, -17.0, -15.0
-1.0, -1.0, 13.0, 57.0, -22.0, -3.0, -5.0, -17.0
2.0, 6.0, 7.0, 120.0, 72.0, 7.0, 7.0, -7.0
3.0, -2.0, 21.0, 19.0, -9.0, 8.0, -6.0, -17.0
-3.0, -5.0, -57.0, -41.0, 4.0, 5.0, 0.0, -18.0
4.0, 2.0, 25.0, 14.0, 18.0, 1.0, -8.0, -16.0
0.0, 3.0, -7.0, -13.0, -11.0, 13.0, 0.0, -17.0
1.0, 1.0, 1.0, -64.0, -3.0, -20.0, -3.0, -11.0
-5.0, -3.0, 2.0, 29.0, 7.0, 46.0, 21.0, -1.0
7.0, 2.0, 19.0, -15.0, 1.0, -65.0, -24.0, -32.0
-3.0, 1.0, 26.0, -41.0, -17.0, 33.0, 2.0, -11.0
-1.0, -4.0, -75.0, -45.0, -9.0, 20.0, 41.0, 22.0
0.0, 4.0, 11.0, 36.0, 13.0, -1.0, -3.0, -11.0
-2.0, -3.0, -19.0, -92.0, -37.0, -12.0, -3.0, -22.0
0.0, 2.0, 10.0, 75.0, 15.0, 18.0, -25.0, -30.0
-5.0, -2.0, 26.0, -6.0, 6.0, -74.0, -10.0, -28.0
4.0, 0.0, -25.0, -52.0, -4.0, 34.0, 9.0, -5.0
3.0, 6.0, 27.0, 69.0, -12.0, 2.0, 10.0, -5.0
-4.0, -7.0, -40.0, -55.0, -3.0, 3.0, 6.0, -8.0
0.0, 0.0, 22.0, -6.0, 3.0, -2.0, -16.0, -22.0
-2.0, 0.0, 4.0, 33.0, -14.0, -12.0, 12.0, -14.0
-4.0, 5.0, 23.0, 74.0, 27.0, -23.0, -4.0, -17.0
1.0, -4.0, -10.0, -54.0, -19.0, 49.0, 19.0, -9.0
-2.0, -3.0, -25.0, 28.0, -6.0, 3.0, -12.0, -28.0
3.0, 4.0, 25.0, -89.0, 6.0, -5.0, -9.0, -25.0
-4.0, -2.0, -37.0, 44.0, 10.0, 10.0, 4.0, -6.0
-4.0, 2.0, 28.0, 21.0, -13.0, -31.0, -13.0, -29.0
2.0, -1.0, 4.0, -18.0, 1.0, 19.0, -8.0, -22.0
2.0, 3.0, 8.0, 34.0, -8.0, -17.0, -31.0, -34.0
6.0, -5.0, -24.0, 9.0, 14.0, 14.0, 23.0, 2.0
0.0, -1.0, 22.0, 1.0, 13.0, 3.0, -10.0, -23.0
-4.0, -4.0, 4.0, 73.0, -19.0, -15.0, -8.0, -13.0
-3.0, -1.0, 4.0, -90.0, -18.0, -21.0, -3.0, -10.0
-2.0, -2.0, -5.0, 85.0, 23.0, 53.0, -7.0, -14.0
-4.0, -4.0, -25.0, -86.0, -33.0, -67.0, 1.0, -7.0
4.0, 3.0, 13.0, 23.0, 4.0, -28.0, -4.0, -13.0
0.0, 1.0, 40.0, 94.0, 33.0, 62.0, 10.0, -7.0
-5.0, -3.0, -18.0, -19.0, -9.0, -14.0, -2.0, -18.0
4.0, -2.0, -16.0, 4.0, 12.0, 9.0, 18.0, 1.0
2.0, -1.0, 35.0, -1.0, 1.0, 13.0, -6.0, -20.0
-3.0, -2.0, -39.0, 54.0, -3.0, -18.0, 13.0, -8.0
-1.0, 2.0, 0.0, -107.0, 9.0, -1.0, -11.0, -22.0
-3.0, -1.0, -2.0, 10.0, -6.0, 6.0, -15.0, -25.0
7.0, 2.0, -3.0, -57.0, 6.0, -7.0, -3.0, -11.0
-4.0, 0.0, 46.0, 59.0, 1.0, -23.0, -25.0, -27.0
-1.0, -7.0, -65.0, -101.0, -28.0, 3.0, 4.0, -11.0
-4.0, -1.0, 0.0, 27.0, 2.0, 6.0, 10.0, -6.0
-1.0, -5.0, -33.0, -40.0, 8.0, -16.0, -6.0, -21.0
0.0, 1.0, 36.0, 85.0, -6.0, 28.0, 12.0, -1.0
1.0, 4.0, 25.0, 49.0, 1.0, -14.0, -13.0, -17.0
-3.0, -4.0, -1.0, -55.0, -9.0, -18.0, -3.0, -13.0
4.0, 1.0, 10.0, -30.0, 1.0, 22.0, 1.0, -18.0
-2.0, -6.0, -56.0, -13.0, 0.0, -21.0, 7.0, -6.0
1.0, 1.0, 42.0, -11.0, -16.0, -19.0, 2.0, -15.0
2.0, -1.0, -20.0, 8.0, 23.0, 19.0, 8.0, -16.0
-2.0, -3.0, -12.0, 5.0, -6.0, 1.0, 5.0, -13.0
-3.0, -1.0, -21.0, 9.0, -2.0, -9.0, -7.0, -13.0
1.0, -5.0, -29.0, 7.0, -3.0, 1.0, 30.0, 2.0
0.0, -3.0, 3.0, -34.0, -16.0, -8.0, -32.0, -24.0
-3.0, 5.0, 26.0, 36.0, 1.0, 5.0, 50.0, 27.0
1.0, -3.0, -1.0, -47.0, 3.0, 18.0, -7.0, -25.0
3.0, 3.0, -19.0, 49.0, 21.0, -27.0, 14.0, 2.0
1.0, 1.0, 13.0, 68.0, -21.0, 2.0, 14.0, -1.0
0.0, -3.0, -7.0, -33.0, -1.0, 29.0, -28.0, -33.0
3.0, 6.0, 4.0, 10.0, 23.0, 13.0, 16.0, 0.0
-9.0, -9.0, 1.0, -36.0, -22.0, -3.0, -4.0, -21.0
-1.0, 3.0, 28.0, -38.0, -5.0, -16.0, 9.0, -17.0
-3.0, -7.0, -65.0, -35.0, -13.0, -2.0, -27.0, -32.0
7.0, 4.0, 13.0, 18.0, -14.0, -20.0, 8.0, -11.0
-8.0, -3.0, 6.0, 26.0, 4.0, 0.0, -13.0, -25.0
1.0, 2.0, 42.0, 71.0, 20.0, -3.0, 3.0, -12.0
-2.0, 2.0, 22.0, 23.0, 2.0, 10.0, 3.0, -17.0
-4.0, -2.0, -31.0, -59.0, -1.0, -10.0, -18.0, -29.0
4.0, 5.0, 19.0, -21.0, -10.0, -7.0, 13.0, -3.0
1.0, -2.0, -28.0, 56.0, 4.0, 13.0, 5.0, -11.0
2.0, 2.0, -12.0, -8.0, -1.0, -2.0, 4.0, -5.0
-2.0, -4.0, 7.0, 86.0, 10.0, -4.0, -1.0, -22.0
-1.0, 1.0, 20.0, -51.0, -2.0, -23.0, -39.0, -39.0
2.0, 2.0, -9.0, 61.0, 22.0, 71.0, 16.0, -5.0
-3.0, -1.0, 37.0, 10.0, -5.0, -39.0, -26.0, -36.0
2.0, 0.0, -32.0, -74.0, -10.0, 9.0, 19.0, 1.0
-2.0, -5.0, -3.0, 57.0, 0.0, -8.0, -27.0, -27.0
1.0, -3.0, -1.0, -71.0, 1.0, -28.0, 8.0, -13.0
-2.0, -3.0, -16.0, 41.0, 5.0, 9.0, -4.0, -10.0
-9.0, -6.0, 8.0, -64.0, -23.0, -7.0, -10.0, -10.0
1.0, 2.0, -7.0, 30.0, 1.0, 0.0, 1.0, -21.0
-1.0, 0.0, 3.0, -2.0, 2.0, -1.0, 17.0, 8.0
-1.0, 2.0, 8.0, -20.0, 3.0, 17.0, 10.0, -13.0
0.0, 1.0, -10.0, 31.0, -1.0, -10.0, 1.0, -12.0
-1.0, -2.0, 11.0, 17.0, -4.0, -13.0, -25.0, -27.0
-1.0, 1.0, -10.0, -2.0, -17.0, -3.0, 19.0, -2.0
1.0, 7.0, 52.0, 23.0, 26.0, 21.0, 9.0, -4.0
2.0, -3.0, -40.0, 2.0, -13.0, -9.0, 4.0, -11.0
-4.0, -6.0, -18.0, -51.0, -4.0, 12.0, -8.0, -19.0
-3.0, -1.0, 15.0, -58.0, -4.0, -21.0, -47.0, -38.0
1.0, 2.0, 60.0, 117.0, 14.0, 7.0, 28.0, 5.0
-1.0, -6.0, -93.0, -78.0, 2.0, -11.0, -13.0, -23.0
5.0, 3.0, -6.0, 17.0, 8.0, 43.0, 24.0, 1.0
-7.0, -1.0, 29.0, -49.0, -15.0, -8.0, 5.0, -12.0
3.0, 5.0, 22.0, 31.0, -5.0, 44.0, -13.0, -26.0
1.0, -4.0, 41.0, 50.0, 13.0, 13.0, 23.0, 10.0
6.0, 3.0, -21.0, 10.0, 12.0, -21.0, -4.0, -6.0
-1.0, 1.0, 8.0, -43.0, 17.0, 6.0, -4.0, -11.0
-3.0, -9.0, -107.0, -103.0, -23.0, 4.0, -18.0, -15.0
-1.0, 2.0, 32.0, 45.0, 7.0, 0.0, 5.0, -23.0
-10.0, -3.0, 20.0, 44.0, 7.0, -1.0, 16.0, -4.0
3.0, 1.0, -1.0, 84.0, -7.0, 6.0, -18.0, -23.0
-2.0, 2.0, 2.0, -101.0, -2.0, -36.0, 34.0, 11.0
1.0, 2.0, 14.0, -26.0, -11.0, -5.0, -17.0, -16.0
-1.0, -3.0, 21.0, 44.0, 2.0, 11.0, 6.0, -4.0
0.0, 0.0, 5.0, 20.0, 8.0, -27.0, -10.0, -19.0
-6.0, -9.0, -48.0, 39.0, 6.0, -12.0, -7.0, -20.0
1.0, 0.0, 1.0, -19.0, -8.0, 32.0, -10.0, -19.0
0.0, 1.0, 21.0, 35.0, -1.0, -22.0, 32.0, 5.0
0.0, -2.0, -35.0, 35.0, 1.0, -19.0, -11.0, -14.0
3.0, 1.0, 2.0, -27.0, -14.0, 8.0, -34.0, -35.0
-1.0, 1.0, 13.0, 56.0, 17.0, 5.0, 55.0, 21.0
-2.0, -4.0, 0.0, -26.0, -3.0, 4.0, 0.0, -16.0
4.0, 4.0, 31.0, 21.0, 13.0, -6.0, -3.0, -19.0
-4.0, 0.0, 2.0, -55.0, -14.0, -16.0, -6.0, -10.0
-3.0, -3.0, -18.0, -46.0, -29.0, -12.0, -14.0, -28.0
1.0, 6.0, 13.0, 7.0, 42.0, 12.0, 5.0, -3.0
2.0, -2.0, -31.0, -4.0, 2.0, 59.0, 5.0, -7.0
2.0, 2.0, 31.0, 6.0, -6.0, -37.0, 33.0, 8.0
-3.0, -2.0, -9.0, -1.0, -20.0, -11.0, -23.0, -23.0
0.0, -5.0, -22.0, -116.0, -29.0, -3.0, 23.0, 2.0
-1.0, 1.0, -43.0, 83.0, 23.0, 28.0, 4.0, -7.0
-1.0, 0.0, 7.0, -35.0, -5.0, -22.0, -5.0, -17.0
4.0, 2.0, 27.0, 64.0, -12.0, 0.0, -22.0, -19.0
5.0, 4.0, -8.0, -9.0, 5.0, 44.0, -2.0, -13.0
-3.0, -5.0, 37.0, 12.0, -1.0, -20.0, 5.0, -13.0
-7.0, -7.0, -48.0, -65.0, -19.0, 3.0, 10.0, -1.0
0.0, 4.0, -15.0, 18.0, 14.0, -20.0, -2.0, -17.0
-2.0, -3.0, 48.0, 40.0, -21.0, -15.0, -29.0, -29.0
-3.0, -6.0, -73.0, -26.0, 8.0, 54.0, -5.0, -9.0
-3.0, 0.0, 19.0, 63.0, -6.0, -27.0, 32.0, 9.0
4.0, 3.0, 7.0, -18.0, 8.0, 32.0, -3.0, -15.0
-4.0, 0.0, 55.0, 69.0, 16.0, 7.0, -7.0, -13.0
-2.0, -6.0, -19.0, -65.0, -26.0, -48.0, 13.0, -4.0
0.0, -4.0, -8.0, 25.0, 2.0, -17.0, -36.0, -38.0
-5.0, -3.0, -17.0, -30.0, 5.0, 51.0, 9.0, 0.0
1.0, 2.0, 11.0, 58.0, 8.0, -9.0, 17.0, -8.0
-9.0, 0.0, 16.0, -28.0, -14.0, -35.0, -50.0, -40.0
3.0, 4.0, 1.0, -27.0, -1.0, 15.0, -5.0, -14.0
-2.0, -5.0, 27.0, -17.0, 14.0, 3.0, 14.0, -2.0
-2.0, 0.0, -31.0, -37.0, -28.0, -16.0, -10.0, -20.0
0.0, 2.0, 43.0, -12.0, -7.0, 10.0, 3.0, -12.0
-2.0, -3.0, -14.0, 22.0, 15.0, 10.0, -6.0, -20.0
-4.0, -2.0, 0.0, 82.0, -12.0, -21.0, -42.0, -36.0
3.0, 3.0, -19.0, 18.0, 12.0, 65.0, 31.0, 23.0
4.0, 1.0, -1.0, -100.0, -20.0, -2.0, -1.0, -6.0
3.0, 0.0, -19.0, 125.0, 35.0, 26.0, 1.0, -12.0
-6.0, -1.0, 48.0, 46.0, -11.0, -21.0, -13.0, -30.0
-4.0, -9.0, -49.0, -100.0, 0.0, 15.0, -16.0, -30.0
3.0, 7.0, 9.0, 83.0, 58.0, -8.0, 17.0, -7.0
3.0, 0.0, 12.0, 37.0, -30.0, 1.0, -16.0, -26.0
2.0, 3.0, -24.0, -36.0, 8.0, 12.0, 15.0, 0.0
2.0, 0.0, 32.0, -11.0, -31.0, -23.0, -10.0, -18.0
-2.0, -6.0, -13.0, -82.0, 27.0, 29.0, 10.0, -13.0
0.0, -1.0, 23.0, -11.0, -26.0, -34.0, 4.0, -1.0
-5.0, 0.0, -34.0, 4.0, 16.0, -12.0, 6.0, -12.0
-4.0, -5.0, 1.0, 9.0, -25.0, -28.0, -8.0, -18.0
1.0, -4.0, -51.0, -35.0, -15.0, -10.0, -29.0, -29.0
-6.0, -2.0, -13.0, -47.0, 26.0, 36.0, 80.0, 46.0
-1.0, 1.0, 47.0, -10.0, -3.0, -21.0, -4.0, -17.0
4.0, 2.0, -50.0, 21.0, 27.0, -9.0, -14.0, -23.0
-1.0, 1.0, 21.0, 84.0, -19.0, 15.0, -5.0, -8.0
5.0, 0.0, 17.0, 3.0, 20.0, 83.0, -4.0, -18.0
0.0, 1.0, 1.0, -18.0, -11.0, -40.0, -1.0, -15.0
-2.0, 0.0, 9.0, -20.0, -10.0, 26.0, 3.0, -11.0
0.0, 0.0, 2.0, 5.0, 2.0, -41.0, -4.0, -13.0
-4.0, -2.0, -1.0, 23.0, -7.0, 23.0, -9.0, -26.0
4.0, 3.0, -25.0, -114.0, -5.0, -17.0, 9.0, -7.0
-7.0, -7.0, -4.0, 49.0, 0.0, -15.0, -24.0, -28.0
-2.0, 1.0, 27.0, 6.0, -26.0, -4.0, 15.0, 3.0
2.0, 2.0, 19.0, 34.0, 22.0, -10.0, -18.0, -19.0
-8.0, -11.0, -46.0, -43.0, -18.0, -7.0, -29.0, -37.0
3.0, 2.0, 18.0, -31.0, -6.0, -6.0, 26.0, 1.0
-2.0, 4.0, 1.0, -31.0, 7.0, -7.0, 8.0, -7.0
-7.0, -8.0, 4.0, 56.0, 3.0, -12.0, -29.0, -36.0
0.0, 0.0, 14.0, 29.0, 2.0, 13.0, 10.0, 5.0
6.0, 3.0, -46.0, -109.0, -8.0, -7.0, -1.0, -4.0
2.0, 4.0, 65.0, 108.0, -26.0, -5.0, 17.0, -4.0
-4.0, -3.0, -50.0, -80.0, 2.0, 46.0, -7.0, -16.0
0.0, -3.0, -3.0, -33.0, 6.0, -79.0, -16.0, -30.0
-7.0, -7.0, -35.0, 5.0, -23.0, -12.0, -10.0, -26.0
1.0, 5.0, 10.0, 8.0, 16.0, -1.0, -12.0, -24.0
0.0, -1.0, 13.0, 66.0, -13.0, -44.0, 12.0, -7.0
0.0, -1.0, 26.0, 12.0, -4.0, 24.0, 19.0, 3.0
2.0, 5.0, 33.0, 44.0, 22.0, 0.0, -34.0, -33.0
-5.0, -8.0, -38.0, -67.0, -7.0, -6.0, 9.0, -10.0
3.0, 1.0, -9.0, -21.0, -11.0, -11.0, 17.0, 3.0
-1.0, 2.0, 14.0, -3.0, 32.0, 44.0, 26.0, 8.0
2.0, 4.0, 40.0, 49.0, -11.0, -13.0, -26.0, -36.0
-2.0, -9.0, -45.0, 4.0, -17.0, 6.0, -29.0, -34.0
1.0, 8.0, -5.0, -17.0, 5.0, 22.0, 17.0, 4.0
1.0, 2.0, 45.0, 43.0, -5.0, -2.0, -6.0, -10.0
-5.0, -8.0, -27.0, -2.0, 21.0, 7.0, 18.0, 6.0
-5.0, -6.0, -15.0, 41.0, 11.0, 15.0, -24.0, -26.0
3.0, 3.0, -11.0, 18.0, 3.0, -24.0, 2.0, -15.0
2.0, -5.0, -10.0, 11.0, -15.0, -1.0, -10.0, -26.0
1.0, 2.0, 19.0, -54.0, 8.0, 26.0, 11.0, -9.0
0.0, 2.0, 43.0, -5.0, -7.0, -38.0, -5.0, -17.0
2.0, 2.0, -4.0, 0.0, -11.0, -24.0, -26.0, -24.0
-8.0, -8.0, -60.0, -85.0, 17.0, 27.0, 6.0, -5.0
-4.0, -2.0, -11.0, 50.0, -40.0, -20.0, -11.0, -23.0
1.0, -2.0, -20.0, 27.0, 6.0, 16.0, 24.0, 5.0
-5.0, -2.0, 55.0, -60.0, -15.0, -11.0, -10.0, -21.0
5.0, 5.0, 37.0, 84.0, 32.0, 0.0, -7.0, -20.0
-7.0, -8.0, -28.0, -52.0, 0.0, -2.0, -34.0, -30.0
5.0, 2.0, 4.0, -9.0, -1.0, 17.0, 66.0, 40.0
1.0, 2.0, -36.0, 2.0, 17.0, -6.0, -4.0, -7.0
-4.0, -2.0, -3.0, 44.0, -34.0, 9.0, 4.0, -9.0
-2.0, 0.0, -3.0, -64.0, 23.0, -2.0, -13.0, -29.0
2.0, 5.0, 29.0, 73.0, -9.0, -5.0, -10.0, -22.0
-1.0, -6.0, -29.0, -48.0, 12.0, -1.0, -5.0, -19.0
3.0, 5.0, 36.0, -2.0, -12.0, -17.0, 0.0, -17.0
-4.0, -2.0, 1.0, 53.0, 13.0, 5.0, 24.0, 2.0
-4.0, -3.0, -10.0, -35.0, -13.0, -10.0, -11.0, -26.0
0.0, 6.0, 28.0, -65.0, 5.0, 20.0, -11.0, -17.0
1.0, -9.0, -84.0, 20.0, 4.0, 50.0, 22.0, 4.0
3.0, 3.0, 44.0, 74.0, -20.0, -27.0, 10.0, -7.0
0.0, 0.0, -6.0, -59.0, 20.0, 12.0, -2.0, -15.0
-6.0, -3.0, -27.0, 19.0, -33.0, -20.0, -40.0, -44.0
4.0, -1.0, 17.0, 38.0, 9.0, -16.0, 26.0, 7.0
7.0, 2.0, 32.0, 33.0, 5.0, 57.0, -11.0, -10.0
-4.0, -4.0, -56.0, -1.0, 28.0, -2.0, -1.0, -15.0
5.0, -1.0, 16.0, 31.0, 7.0, 7.0, 12.0, -9.0
-8.0, -1.0, -21.0, -85.0, -42.0, -36.0, -24.0, -24.0
1.0, 3.0, 14.0, 16.0, 11.0, -6.0, 10.0, 0.0
2.0, -2.0, -10.0, 21.0, 0.0, 3.0, 5.0, -14.0
5.0, 7.0, 40.0, 43.0, 42.0, 4.0, -23.0, -36.0
-7.0, -2.0, 32.0, 29.0, -18.0, 39.0, -2.0, -18.0
-1.0, -3.0, -7.0, -43.0, 0.0, -58.0, 50.0, 17.0
0.0, 3.0, -26.0, -5.0, -26.0, 71.0, -6.0, -18.0
-6.0, -8.0, 12.0, -33.0, -25.0, -77.0, -5.0, -21.0
2.0, 3.0, -57.0, 92.0, 42.0, -2.0, -18.0, -27.0
-2.0, -3.0, 30.0, -70.0, -21.0, 27.0, -13.0, -17.0
-2.0, -4.0, -7.0, -11.0, -9.0, -24.0, -5.0, -18.0
1.0, 2.0, -1.0, 52.0, 2.0, 8.0, 20.0, -2.0
-6.0, 5.0, 13.0, -17.0, 1.0, -12.0, -5.0, -25.0
5.0, 0.0, -32.0, 0.0, -5.0, -7.0, 6.0, -15.0
0.0, -1.0, 28.0, 0.0, 16.0, -2.0, -6.0, -7.0
-1.0, -2.0, -2.0, 22.0, -30.0, 21.0, -10.0, -15.0
-1.0, -6.0, -29.0, -82.0, -7.0, -31.0, -3.0, -16.0
-8.0, -3.0, -40.0, 52.0, 22.0, 6.0, 15.0, -12.0
4.0, 4.0, -5.0, -7.0, 5.0, 10.0, -21.0, -30.0
-6.0, 2.0, 15.0, 7.0, -22.0, -4.0, 33.0, 4.0
-4.0, -3.0, 43.0, -31.0, 3.0, -12.0, -9.0, -16.0
4.0, 7.0, 9.0, -15.0, 11.0, -1.0, 7.0, -6.0
0.0, -3.0, 21.0, 60.0, 6.0, 7.0, -6.0, -24.0
-3.0, -5.0, -57.0, -35.0, 0.0, -22.0, -4.0, -11.0
5.0, 0.0, -2.0, 53.0, 5.0, 9.0, -22.0, -36.0
-2.0, 2.0, 56.0, -54.0, -7.0, -27.0, 21.0, 11.0
0.0, 0.0, -12.0, 4.0, 2.0, 49.0, -2.0, -23.0
1.0, 1.0, -4.0, 26.0, 2.0, 15.0, -5.0, -19.0
-1.0, -2.0, -21.0, -9.0, -4.0, -1.0, -1.0, -11.0
-8.0, -1.0, 0.0, 45.0, -1.0, 11.0, -11.0, -23.0
-4.0, -4.0, -20.0, -40.0, 2.0, -66.0, -7.0, -21.0
-4.0, -8.0, -18.0, -18.0, -14.0, 21.0, 22.0, 10.0
4.0, 5.0, 36.0, 76.0, 9.0, -11.0, -1.0, -16.0
3.0, 2.0, 2.0, 15.0, -12.0, 31.0, -14.0, -21.0
-6.0, -3.0, 22.0, -10.0, 14.0, -13.0, 6.0, 1.0
-1.0, -1.0, -5.0, 51.0, 4.0, 3.0, -15.0, -25.0
-3.0, -2.0, 19.0, -23.0, -3.0, -2.0, -1.0, -11.0
2.0, -1.0, -24.0, 0.0, 4.0, 10.0, -5.0, -22.0
0.0, 3.0, 5.0, -68.0, -18.0, -18.0, -14.0, -21.0
1.0, -2.0, 17.0, 12.0, 2.0, 5.0, 5.0, -1.0
1.0, -1.0, -52.0, 34.0, 15.0, 7.0, 3.0, -9.0
-5.0, -5.0, -13.0, -30.0, 8.0, -8.0, -11.0, -20.0
-2.0, -2.0, 0.0, 10.0, -22.0, -2.0, 10.0, -12.0
0.0, 5.0, 38.0, 13.0, 4.0, -4.0, -14.0, -24.0
-7.0, -6.0, -4.0, 15.0, -2.0, 39.0, 21.0, -2.0
-4.0, 0.0, -2.0, -1.0, 4.0, -60.0, -29.0, -29.0
5.0, -4.0, -16.0, -26.0, -18.0, 16.0, 19.0, 5.0
2.0, 7.0, 1.0, -10.0, 10.0, 24.0, 7.0, -13.0
-2.0, -2.0, 16.0, -53.0, -25.0, -4.0, -19.0, -24.0
-4.0, -3.0, -10.0, 12.0, 5.0, 0.0, 11.0, -4.0
1.0, 0.0, 17.0, 26.0, 4.0, -14.0, 6.0, -10.0
-2.0, -2.0, -16.0, -19.0, 2.0, -2.0, 3.0, -15.0
1.0, 2.0, 2.0, -1.0, 2.0, -1.0, 2.0, 0.0
-2.0, 0.0, -2.0, 17.0, -2.0, -3.0, -32.0, -36.0
3.0, -3.0, -13.0, -70.0, -20.0, -8.0, 26.0, 5.0
-9.0, -4.0, 21.0, 84.0, 24.0, 11.0, 14.0, 0.0
2.0, -3.0, -15.0, -3.0, 1.0, -3.0, 5.0, -14.0
-1.0, -5.0, -17.0, -108.0, -19.0, 6.0, -8.0, -19.0
0.0, 3.0, 25.0, 82.0, 11.0, 3.0, -8.0, -29.0
2.0, 1.0, -7.0, -38.0, -14.0, -10.0, -10.0, -30.0
-4.0, -3.0, 10.0, 25.0, -4.0, -6.0, 7.0, -19.0
3.0, 0.0, -14.0, 12.0, 13.0, 11.0, 10.0, -6.0
1.0, 5.0, 18.0, 39.0, -4.0, -6.0, -15.0, -20.0
-5.0, -4.0, -1.0, -36.0, 21.0, -21.0, -8.0, -23.0
6.0, -1.0, -33.0, 5.0, -44.0, 31.0, 22.0, -2.0
-2.0, -1.0, -9.0, 40.0, -9.0, 4.0, 2.0, -13.0
-5.0, -1.0, 9.0, 11.0, 18.0, 1.0, -4.0, -7.0
8.0, -1.0, -2.0, -89.0, -7.0, -12.0, -6.0, -21.0
-5.0, 5.0, 5.0, 3.0, 16.0, 10.0, -43.0, -42.0
-1.0, -5.0, 44.0, 18.0, -12.0, 72.0, 50.0, 21.0
-4.0, -7.0, -84.0, 13.0, 4.0, 12.0, -10.0, -21.0
-5.0, -1.0, 13.0, 52.0, 4.0, 11.0, 3.0, -8.0
4.0, -1.0, 2.0, -105.0, -9.0, -26.0, -5.0, -14.0
-2.0, -1.0, 6.0, 47.0, 2.0, -7.0, -12.0, -26.0
-2.0, 2.0, 19.0, 9.0, 1.0, -7.0, -9.0, -12.0
4.0, 4.0, -30.0, -22.0, -4.0, -5.0, -1.0, -14.0
0.0, -4.0, 30.0, 26.0, 6.0, 23.0, 16.0, 3.0
0.0, 3.0, -13.0, -3.0, 9.0, -8.0, -6.0, -17.0
0.0, -3.0, 23.0, -13.0, -6.0, -7.0, 2.0, -9.0
1.0, 2.0, -9.0, 37.0, 1.0, -4.0, -6.0, -24.0
-4.0, 2.0, -3.0, -7.0, -2.0, -22.0, 5.0, -5.0
5.0, 0.0, 17.0, -12.0, -12.0, -5.0, 0.0, -12.0
-3.0, -2.0, 4.0, 22.0, 2.0, -10.0, -9.0, -24.0
4.0, -6.0, -56.0, -49.0, -23.0, 5.0, 10.0, -3.0
-8.0, 4.0, 19.0, 12.0, 28.0, -8.0, 0.0, -11.0
-3.0, -3.0, 0.0, 26.0, -6.0, 35.0, -36.0, -42.0
7.0, 2.0, -3.0, 1.0, 12.0, -62.0, 23.0, 4.0
1.0, -1.0, -24.0, -61.0, -9.0, 12.0, -6.0, -10.0
-1.0, -1.0, 47.0, 56.0, -7.0, -46.0, -2.0, -14.0
-3.0, 0.0, -93.0, -50.0, 1.0, 13.0, -12.0, -16.0
3.0, 3.0, 72.0, 62.0, 1.0, 17.0, -6.0, -18.0
-4.0, -2.0, 19.0, 74.0, 10.0, 6.0, 11.0, 3.0
8.0, -4.0, -53.0, -8.0, 5.0, 2.0, -5.0, -10.0
-1.0, -2.0, 18.0, -25.0, -19.0, -31.0, 2.0, -8.0
1.0, -1.0, -26.0, -31.0, 27.0, 30.0, 2.0, -12.0
-4.0, -3.0, 16.0, 10.0, -20.0, -12.0, 3.0, 1.0
0.0, 0.0, -6.0, 16.0, -5.0, 29.0, -2.0, -18.0
0.0, -4.0, 2.0, -62.0, 2.0, -22.0, -23.0, -26.0
-5.0, -3.0, -13.0, 6.0, 0.0, -7.0, 66.0, 29.0
-3.0, -5.0, 14.0, 30.0, 3.0, -27.0, -27.0, -37.0
2.0, 8.0, 56.0, 50.0, 19.0, 17.0, 10.0, -4.0
-2.0, 3.0, 33.0, -50.0, -18.0, -9.0, 3.0, -19.0
-5.0, -11.0, -108.0, -69.0, -19.0, -37.0, -61.0, -54.0
-3.0, 3.0, 16.0, 58.0, 12.0, 62.0, 64.0, 26.0
-2.0, -2.0, 26.0, -25.0, 25.0, 22.0, 6.0, -15.0
1.0, -1.0, -56.0, 30.0, -1.0, -65.0, 4.0, -7.0
-6.0, 1.0, 43.0, -51.0, -23.0, 1.0, -23.0, -24.0
9.0, 6.0, 20.0, 53.0, 13.0, 4.0, -3.0, -14.0
-5.0, -5.0, -30.0, -38.0, -27.0, 4.0, 5.0, -6.0
0.0, 2.0, 23.0, 8.0, 21.0, 50.0, -16.0, -17.0
0.0, 1.0, 13.0, -9.0, -22.0, -8.0, -11.0, -14.0
-3.0, -4.0, -12.0, 50.0, -6.0, -15.0, -23.0, -21.0
-1.0, -4.0, 38.0, 2.0, -1.0, -19.0, -3.0, -7.0
3.0, -4.0, -29.0, 69.0, 4.0, -7.0, 0.0, -15.0
-3.0, -2.0, -12.0, -14.0, 0.0, -5.0, 11.0, -3.0
-6.0, -6.0, -14.0, -60.0, 2.0, 24.0, -26.0, -38.0
1.0, -2.0, -33.0, -47.0, -12.0, -35.0, 32.0, 2.0
1.0, 0.0, 20.0, 103.0, 3.0, 25.0, 10.0, 0.0
-2.0, 1.0, 31.0, -13.0, 8.0, 13.0, -17.0, -23.0
-2.0, 7.0, 19.0, -35.0, 3.0, -11.0, -22.0, -25.0
2.0, 5.0, -16.0, 81.0, 47.0, -2.0, 51.0, 15.0
-1.0, -5.0, 18.0, -79.0, -31.0, -44.0, 8.0, -3.0
0.0, 3.0, 10.0, -30.0, -12.0, 33.0, 5.0, -12.0
2.0, -10.0, -54.0, -84.0, -29.0, -5.0, -19.0, -23.0
1.0, -1.0, -20.0, -23.0, -6.0, 6.0, -33.0, -35.0
-1.0, -6.0, -8.0, 13.0, 20.0, 54.0, 45.0, 11.0
-1.0, 6.0, 4.0, 4.0, 3.0, -38.0, 3.0, -3.0
-3.0, -5.0, 6.0, 50.0, 3.0, -5.0, -3.0, -18.0
-6.0, 0.0, 16.0, 1.0, -17.0, -10.0, 8.0, -8.0
9.0, 8.0, 31.0, 16.0, 17.0, 35.0, -4.0, -15.0
-1.0, -1.0, -1.0, -35.0, -13.0, 8.0, 32.0, 8.0
-10.0, -10.0, -47.0, -62.0, 1.0, 35.0, 13.0, -2.0
4.0, -1.0, -12.0, -44.0, -21.0, -67.0, -17.0, -14.0
-5.0, -2.0, -8.0, 13.0, 5.0, -15.0, -23.0, -27.0
-2.0, -1.0, -29.0, -47.0, 13.0, 7.0, 4.0, -7.0
4.0, 6.0, 42.0, 40.0, -1.0, -19.0, -4.0, -21.0
1.0, -5.0, -34.0, -51.0, -10.0, 32.0, -11.0, -25.0
0.0, 3.0, 2.0, -53.0, -9.0, -23.0, -4.0, -10.0
6.0, 0.0, 0.0, 34.0, 6.0, -4.0, -29.0, -34.0
-3.0, 1.0, 33.0, 106.0, 20.0, 20.0, 42.0, 21.0
3.0, -1.0, -8.0, -54.0, -6.0, 16.0, -11.0, -24.0
-7.0, -6.0, 16.0, -3.0, 26.0, 31.0, 13.0, -9.0
0.0, 0.0, -33.0, 41.0, -24.0, -80.0, -23.0, -33.0
-2.0, 0.0, -18.0, 25.0, -10.0, 25.0, -8.0, -17.0
-5.0, 3.0, 70.0, 81.0, 15.0, 20.0, 19.0, 2.0
3.0, 2.0, -52.0, 38.0, 11.0, 16.0, -12.0, -22.0
1.0, -1.0, 32.0, 55.0, 4.0, 25.0, 8.0, -15.0
0.0, -2.0, 11.0, -125.0, -30.0, -12.0, -6.0, -13.0
-2.0, -4.0, -74.0, 3.0, 7.0, -59.0, -18.0, -28.0
-6.0, 2.0, 57.0, -10.0, -3.0, -29.0, -6.0, -17.0
-3.0, -6.0, -21.0, 61.0, 18.0, 38.0, 0.0, -22.0
4.0, 5.0, 18.0, 3.0, 7.0, -25.0, 11.0, -11.0
0.0, -7.0, -35.0, -122.0, -16.0, 30.0, -13.0, -23.0
-4.0, -3.0, 30.0, 83.0, -15.0, -18.0, -12.0, -16.0
0.0, 1.0, -15.0, 31.0, 0.0, 3.0, -4.0, -14.0
6.0, 9.0, 29.0, 35.0, -5.0, -2.0, -1.0, -8.0
-6.0, -4.0, 7.0, -27.0, 14.0, 11.0, -2.0, -11.0
2.0, -1.0, -76.0, -100.0, -30.0, -39.0, -21.0, -25.0
2.0, -2.0, 46.0, -33.0, -3.0, 77.0, 14.0, -2.0
-5.0, -4.0, -52.0, -46.0, 11.0, 22.0, -8.0, -17.0
0.0, 3.0, 32.0, 72.0, -22.0, -47.0, -6.0, -19.0
2.0, -3.0, -2.0, 39.0, 3.0, 0.0, 16.0, -11.0
-2.0, 2.0, 9.0, -10.0, -7.0, -2.0, -38.0, -37.0
-2.0, -3.0, 32.0, 1.0, 0.0, -33.0, -2.0, -14.0
-1.0, 2.0, -9.0, 31.0, 3.0, 25.0, -17.0, -27.0
-4.0, 3.0, 6.0, -27.0, -2.0, 11.0, 16.0, -2.0
1.0, -4.0, -25.0, -12.0, 2.0, 7.0, 2.0, -13.0
1.0, 3.0, 27.0, 51.0, 24.0, -9.0, 3.0, -7.0
-4.0, -1.0, -9.0, -37.0, -2.0, 22.0, 30.0, 7.0
-4.0, -3.0, -10.0, 0.0, -14.0, -28.0, 3.0, -14.0
2.0, 0.0, 21.0, -83.0, -18.0, 9.0, -38.0, -33.0
-5.0, -7.0, -46.0, -20.0, -29.0, -18.0, 32.0, 8.0
0.0, 5.0, 23.0, 47.0, -11.0, 34.0, -2.0, -3.0
7.0, 2.0, -41.0, -89.0, 11.0, 8.0, 4.0, -12.0
-5.0, 0.0, 47.0, 86.0, -15.0, -37.0, 0.0, -8.0
-2.0, -4.0, -24.0, -26.0, 15.0, 5.0, -13.0, -24.0
3.0, 1.0, -14.0, 50.0, 20.0, 1.0, -1.0, -14.0
-6.0, -11.0, 18.0, -28.0, -17.0, -2.0, 3.0, -9.0
-5.0, 0.0, -8.0, -37.0, 8.0, -3.0, 3.0, -10.0
2.0, 3.0, -12.0, 38.0, -1.0, -11.0, -6.0, -17.0
-1.0, -5.0, 1.0, -68.0, -17.0, -9.0, 4.0, -15.0
4.0, 4.0, -19.0, 48.0, 30.0, 48.0, -11.0, -22.0
-1.0, -7.0, 19.0, -43.0, -9.0, -22.0, 8.0, -13.0
2.0, -2.0, -11.0, -49.0, -14.0, -6.0, -9.0, -25.0
-5.0, -2.0, -1.0, 13.0, -1.0, 12.0, 3.0, -15.0
4.0, 2.0, 16.0, 23.0, 25.0, -17.0, 22.0, 5.0
1.0, -2.0, -26.0, 3.0, -21.0, -6.0, -2.0, -15.0
-5.0, -1.0, 55.0, 91.0, 0.0, 27.0, -11.0, -19.0
3.0, -1.0, -42.0, 42.0, 5.0, 8.0, 30.0, 9.0
-5.0, 3.0, 54.0, -4.0, -2.0, -7.0, -13.0, -20.0
3.0, -4.0, -7.0, -20.0, 22.0, 12.0, 29.0, 4.0
-1.0, -1.0, -18.0, -28.0, 11.0, -5.0, -12.0, -18.0
0.0, -4.0, -9.0, 70.0, 6.0, -8.0, -16.0, -23.0
-3.0, -2.0, -31.0, -24.0, -24.0, 58.0, 22.0, -7.0
0.0, 1.0, 19.0, 44.0, 7.0, -19.0, -12.0, -19.0
5.0, 10.0, 31.0, 18.0, 4.0, -17.0, -11.0, -23.0
-1.0, -4.0, 2.0, -58.0, -10.0, -9.0, -7.0, -21.0
3.0, 2.0, -6.0, 58.0, 9.0, 0.0, -1.0, -16.0
-3.0, -1.0, 20.0, 8.0, 7.0, 7.0, 1.0, -10.0
0.0, -8.0, -26.0, -41.0, -14.0, 0.0, 4.0, -5.0
-1.0, 0.0, 8.0, 55.0, 8.0, 3.0, -17.0, -30.0
-2.0, -4.0, 9.0, -82.0, -12.0, -30.0, -2.0, -11.0
-1.0, -2.0, -52.0, -63.0, 19.0, 21.0, 43.0, 19.0
-4.0, -4.0, 60.0, 75.0, -16.0, -10.0, 1.0, -7.0
-1.0, 0.0, -38.0, -48.0, -7.0, 6.0, -6.0, -10.0
2.0, -1.0, -7.0, 29.0, -8.0, -22.0, -17.0, -21.0
-6.0, 3.0, 9.0, 8.0, 11.0, 2.0, -15.0, -25.0
4.0, 1.0, 9.0, -47.0, 18.0, 11.0, -8.0, -22.0
-1.0, -3.0, -1.0, -6.0, -21.0, 14.0, 44.0, 14.0
-3.0, 3.0, 49.0, 89.0, 9.0, -21.0, 1.0, -7.0
1.0, 0.0, -5.0, -12.0, -6.0, 3.0, 5.0, -11.0
-7.0, -4.0, -14.0, -10.0, 0.0, 0.0, -10.0, -16.0
-6.0, 0.0, 17.0, 4.0, -12.0, -33.0, -23.0, -33.0
-3.0, -5.0, -45.0, -13.0, -19.0, -4.0, 10.0, -6.0
4.0, 7.0, 20.0, 61.0, 0.0, 7.0, -4.0, -13.0
1.0, 2.0, 0.0, -76.0, -14.0, -14.0, -2.0, -23.0
-2.0, -2.0, 22.0, 9.0, 9.0, 10.0, -12.0, -21.0
4.0, -3.0, -67.0, -40.0, 3.0, -7.0, -30.0, -41.0
1.0, 1.0, 31.0, 53.0, -3.0, 4.0, 0.0, -5.0
2.0, 0.0, -18.0, 0.0, -7.0, 5.0, 7.0, -13.0
-1.0, 1.0, 7.0, -62.0, 5.0, -31.0, -9.0, -15.0
-4.0, -3.0, 30.0, 44.0, 1.0, 65.0, -9.0, -20.0
-2.0, -4.0, -2.0, -4.0, 3.0, -6.0, 0.0, -18.0
-6.0, -1.0, -11.0, -1.0, -1.0, 2.0, 11.0, -3.0
5.0, 3.0, 7.0, 30.0, 9.0, 2.0, -15.0, -23.0
2.0, 1.0, -23.0, -61.0, 6.0, -24.0, 1.0, -15.0
-2.0, -10.0, -22.0, -62.0, -26.0, 2.0, -6.0, -15.0
-3.0, -2.0, -21.0, 27.0, -10.0, -6.0, 9.0, -6.0
2.0, 7.0, 21.0, 41.0, 15.0, -2.0, -6.0, -18.0
-1.0, 1.0, -6.0, 31.0, -7.0, 26.0, -28.0, -33.0
1.0, -7.0, -9.0, 26.0, -6.0, -25.0, 102.0, 68.0
0.0, 5.0, 23.0, 37.0, 25.0, -13.0, -53.0, -47.0
3.0, -2.0, -34.0, -92.0, 6.0, 4.0, -4.0, -15.0
-1.0, 0.0, 51.0, 39.0, -22.0, -18.0, -10.0, -10.0
-2.0, 4.0, 9.0, -2.0, 20.0, 6.0, -30.0, -35.0
3.0, -2.0, -11.0, 11.0, -5.0, 5.0, 20.0, -2.0
-2.0, -5.0, -25.0, -2.0, -4.0, -3.0, 6.0, -3.0
-1.0, -3.0, 24.0, -49.0, 0.0, 21.0, 12.0, -3.0
-1.0, 0.0, -35.0, 47.0, -13.0, -3.0, -21.0, -33.0
-3.0, 0.0, 14.0, 26.0, 15.0, -2.0, 8.0, -13.0
5.0, 5.0, 13.0, 45.0, 1.0, 12.0, -9.0, -24.0
-4.0, 0.0, 11.0, -9.0, -2.0, -19.0, 3.0, -13.0
0.0, -5.0, -29.0, -33.0, -15.0, 15.0, -10.0, -26.0
-1.0, -1.0, -4.0, 7.0, -1.0, -9.0, 5.0, -10.0
-5.0, -1.0, 16.0, 11.0, 3.0, -1.0, 2.0, -8.0
3.0, 2.0, 32.0, 5.0, 20.0, -7.0, 9.0, -3.0
-4.0, -2.0, -27.0, -15.0, -13.0, -3.0, -15.0, -27.0
-2.0, -3.0, -17.0, 47.0, -8.0, 7.0, 7.0, -10.0
-3.0, -5.0, 25.0, 5.0, -6.0, 5.0, 2.0, -9.0
-1.0, 0.0, -21.0, -17.0, -6.0, -9.0, 4.0, -14.0
-3.0, 3.0, 22.0, 56.0, 25.0, 2.0, -16.0, -17.0
5.0, 2.0, -14.0, -67.0, -3.0, -24.0, -4.0, -6.0
-2.0, -3.0, -3.0, 10.0, -7.0, 15.0, -3.0, -11.0
1.0, -3.0, -1.0, -25.0, 4.0, 26.0, 9.0, -1.0
2.0, 1.0, 6.0, 4.0, 15.0, -9.0, -7.0, -9.0
-3.0, -2.0, -10.0, 7.0, -1.0, 4.0, 3.0, -3.0
-4.0, 0.0, 8.0, 10.0, -4.0, -4.0, -15.0, -23.0
-7.0, -4.0, -16.0, -17.0, -1.0, -22.0, -8.0, -11.0
1.0, -3.0, -15.0, 8.0, 20.0, 11.0, 28.0, 9.0
-1.0, 1.0, 18.0, 35.0, -1.0, 9.0, -7.0, -17.0
1.0, 2.0, -4.0, 16.0, 6.0, -9.0, 4.0, -5.0
2.0, -2.0, 11.0, -27.0, -4.0, -27.0, -1.0, -23.0
-2.0, -4.0, -35.0, -4.0, -24.0, 7.0, -12.0, -20.0
1.0, 0.0, 16.0, 19.0, 13.0, 0.0, 4.0, -20.0
0.0, -3.0, -4.0, -56.0, -10.0, 2.0, 6.0, -14.0
1.0, 2.0, -17.0, -3.0, -2.0, -1.0, 7.0, -16.0
3.0, 7.0, 36.0, 12.0, 0.0, -12.0, -15.0, -31.0
0.0, -6.0, 34.0, -26.0, 4.0, 9.0, -40.0, -42.0
-1.0, -5.0, -64.0, 49.0, 15.0, 70.0, 49.0, 20.0
-2.0, -2.0, -8.0, -31.0, -3.0, -4.0, -6.0, -12.0
-2.0, -2.0, -10.0, -77.0, -19.0, -15.0, -4.0, -22.0
-3.0, 1.0, -15.0, -38.0, -13.0, -1.0, -11.0, -28.0
0.0, 6.0, 49.0, 61.0, -1.0, -30.0, -25.0, -26.0
-6.0, -8.0, -13.0, 54.0, 8.0, 12.0, 2.0, -13.0
1.0, 0.0, 7.0, -7.0, 12.0, 7.0, 3.0, -10.0
-3.0, 2.0, -3.0, -26.0, -3.0, 0.0, 20.0, 7.0
0.0, -3.0, -6.0, -77.0, -14.0, -7.0, -10.0, -24.0
-1.0, 3.0, -8.0, 11.0, -1.0, -7.0, 5.0, -8.0
-5.0, 0.0, 12.0, 47.0, -4.0, -3.0, -16.0, -21.0
-2.0, -3.0, -6.0, -9.0, 19.0, 15.0, 13.0, -5.0
-1.0, -2.0, -10.0, -42.0, -8.0, -15.0, 0.0, -14.0
1.0, 3.0, -2.0, 24.0, -6.0, -4.0, -9.0, -17.0
5.0, 1.0, 13.0, -21.0, 2.0, 4.0, 5.0, -10.0
1.0, 0.0, -6.0, 12.0, 17.0, -9.0, 4.0, -15.0
-3.0, -2.0, -2.0, 12.0, -13.0, -4.0, -35.0, -29.0
-1.0, 4.0, 27.0, 18.0, 6.0, -4.0, 65.0, 30.0
1.0, 3.0, 1.0, 13.0, 7.0, 9.0, -8.0, -21.0
0.0, 0.0, -1.0, -9.0, 3.0, 1.0, 10.0, -7.0
3.0, 3.0, -7.0, 0.0, -21.0, -38.0, -20.0, -22.0
1.0, -8.0, -9.0, -73.0, 0.0, 26.0, -10.0, -20.0
-2.0, -4.0, -17.0, 56.0, 4.0, -9.0, 1.0, -11.0
1.0, 0.0, -26.0, 27.0, -12.0, 5.0, 4.0, -11.0
-4.0, -6.0, -1.0, 5.0, 10.0, -4.0, 5.0, -16.0
1.0, 6.0, 4.0, -1.0, 1.0, -11.0, -11.0, -21.0
-2.0, 0.0, 5.0, -34.0, -1.0, -3.0, 3.0, -13.0
1.0, -3.0, 1.0, -27.0, -21.0, 0.0, -5.0, -14.0
-4.0, -4.0, -2.0, 19.0, 17.0, 13.0, 7.0, -13.0
3.0, -1.0, -6.0, -9.0, 11.0, 3.0, -5.0, -22.0
1.0, 3.0, 16.0, 33.0, -16.0, 10.0, 1.0, -17.0
-2.0, -3.0, -16.0, -68.0, -13.0, -20.0, 4.0, -12.0
-3.0, -2.0, 25.0, 29.0, 21.0, 4.0, 6.0, -15.0
-4.0, -5.0, -17.0, 7.0, 11.0, -5.0, -13.0, -19.0
-5.0, -3.0, -16.0, -90.0, -31.0, -11.0, -1.0, -11.0
-3.0, 0.0, 9.0, 85.0, 7.0, 4.0, 3.0, -19.0
3.0, -2.0, -11.0, -60.0, -8.0, -12.0, 6.0, -10.0
1.0, -1.0, -22.0, -2.0, -15.0, -1.0, -51.0, -41.0
1.0, 1.0, 18.0, 26.0, 20.0, 9.0, 64.0, 28.0
-3.0, -5.0, -22.0, -4.0, -5.0, 38.0, -25.0, -32.0
-2.0, 2.0, 21.0, -3.0, 3.0, 9.0, 13.0, -2.0
0.0, -2.0, 6.0, 55.0, -10.0, -15.0, -12.0, -21.0
-1.0, 0.0, -18.0, -61.0, 4.0, -13.0, -16.0, -21.0
-2.0, 1.0, -4.0, -60.0, -19.0, 3.0, -6.0, -20.0
-1.0, -2.0, -4.0, 22.0, 3.0, -3.0, 3.0, -13.0
0.0, 2.0, 2.0, -15.0, -6.0, -3.0, 9.0, -20.0
-5.0, -2.0, 36.0, 49.0, -2.0, 0.0, -16.0, -29.0
-2.0, 1.0, -5.0, 14.0, 9.0, -9.0, 12.0, -4.0
-3.0, -5.0, -15.0, 20.0, -16.0, -10.0, -8.0, -20.0
-2.0, -1.0, 14.0, 14.0, -4.0, -4.0, 6.0, -12.0
1.0, 1.0, 18.0, 1.0, 6.0, 8.0, -3.0, -19.0
1.0, -3.0, -29.0, -43.0, -1.0, -13.0, 0.0, -13.0
1.0, 3.0, 13.0, 41.0, 3.0, 12.0, 4.0, -13.0
1.0, -1.0, -8.0, -12.0, 7.0, -9.0, 2.0, -15.0
2.0, 0.0, -7.0, 22.0, -4.0, -7.0, -12.0, -18.0
-5.0, -1.0, 6.0, 47.0, -1.0, -13.0, 9.0, 0.0
2.0, 1.0, 15.0, -16.0, 12.0, 36.0, 5.0, -1.0
-1.0, -1.0, 9.0, 44.0, 8.0, 5.0, 10.0, -10.0
2.0, -3.0, -32.0, -61.0, 1.0, -5.0, -14.0, -18.0
1.0, 0.0, 16.0, 29.0, -13.0, -11.0, 4.0, -3.0
-4.0, -2.0, -2.0, -25.0, -10.0, -8.0, -6.0, -14.0
4.0, 2.0, 24.0, 25.0, -1.0, -2.0, 5.0, -9.0
-2.0, 2.0, -5.0, 7.0, 9.0, -19.0, -21.0, -28.0
2.0, -1.0, -21.0, -38.0, 5.0, 20.0, 31.0, 4.0
-5.0, -4.0, 22.0, 62.0, 3.0, 20.0, -8.0, -20.0
4.0, -1.0, -9.0, -35.0, -3.0, 4.0, 1.0, -11.0
-3.0, -2.0, -1.0, -27.0, -19.0, -9.0, 1.0, -15.0
-1.0, 3.0, 2.0, -6.0, -1.0, -8.0, -13.0, -31.0
1.0, 0.0, -12.0, -29.0, -7.0, -9.0, -3.0, -19.0
-6.0, -2.0, -4.0, -6.0, 7.0, -4.0, 6.0, -19.0
-2.0, 0.0, 2.0, 54.0, 10.0, 1.0, -14.0, -28.0
-1.0, -5.0, -2.0, -46.0, -17.0, 4.0, 0.0, -11.0
-2.0, 3.0, 15.0, 15.0, 6.0, -5.0, 6.0, -8.0
1.0, 1.0, 8.0, 3.0, -9.0, -4.0, -11.0, -14.0
-3.0, -5.0, -46.0, -77.0, -2.0, -15.0, 7.0, -15.0
-2.0, 1.0, 20.0, 35.0, 12.0, 3.0, 0.0, -10.0
1.0, -3.0, -27.0, -69.0, -27.0, -28.0, -1.0, -18.0
-3.0, 4.0, 18.0, 20.0, 23.0, 29.0, -2.0, -8.0
-2.0, -2.0, 12.0, 35.0, -2.0, -3.0, 10.0, -6.0
5.0, -3.0, 5.0, 16.0, -1.0, 2.0, -9.0, -15.0
0.0, 0.0, -11.0, -26.0, 5.0, -2.0, -1.0, -14.0
0.0, -2.0, -8.0, -4.0, -3.0, -14.0, 2.0, -17.0
-3.0, 1.0, -8.0, -2.0, 2.0, 13.0, -5.0, -15.0
-1.0, 1.0, 6.0, 14.0, 0.0, -27.0, 2.0, -15.0
1.0, 0.0, 24.0, 15.0, 7.0, 21.0, 16.0, -8.0
5.0, -3.0, -40.0, -27.0, -20.0, 1.0, -4.0, -20.0
-2.0, 0.0, 4.0, 56.0, -2.0, 8.0, 2.0, -15.0
-2.0, -1.0, 9.0, -34.0, 2.0, -5.0, -5.0, -20.0
-7.0, -1.0, -3.0, -5.0, -3.0, -13.0, -7.0, -22.0
4.0, 1.0, 16.0, 0.0, -1.0, -29.0, 0.0, -18.0
-3.0, -5.0, -3.0, -9.0, -2.0, 17.0, -34.0, -39.0
1.0, -1.0, -3.0, 47.0, 30.0, 21.0, 42.0, 18.0
-1.0, -3.0, 9.0, 7.0, 10.0, 4.0, -4.0, -16.0
-6.0, -6.0, -15.0, 19.0, -9.0, 5.0, 1.0, -13.0
2.0, 2.0, -9.0, 5.0, -9.0, -10.0, -3.0, -7.0
-3.0, -1.0, -8.0, -53.0, -21.0, -9.0, -17.0, -33.0
1.0, 2.0, -2.0, 27.0, 10.0, 3.0, 2.0, -11.0
-4.0, -2.0, 12.0, 21.0, -21.0, -8.0, -6.0, -15.0
-2.0, 0.0, 17.0, 42.0, 7.0, -3.0, 3.0, -13.0
1.0, -2.0, -4.0, -31.0, 0.0, 4.0, -4.0, -14.0
4.0, -1.0, -9.0, -22.0, 1.0, -5.0, 1.0, -11.0
-3.0, 1.0, -6.0, -16.0, -12.0, -18.0, -3.0, -13.0
1.0, -1.0, -8.0, -30.0, -8.0, 25.0, 9.0, -3.0
-4.0, 0.0, 14.0, 74.0, 5.0, 1.0, -6.0, -12.0
3.0, -1.0, 0.0, -7.0, -8.0, -6.0, -2.0, -10.0
-3.0, -7.0, -15.0, -50.0, 3.0, -2.0, 2.0, -4.0
1.0, 1.0, 10.0, 42.0, 3.0, -2.0, 10.0, -6.0
-3.0, -1.0, -9.0, -12.0, -4.0, -2.0, -8.0, -20.0
-1.0, 1.0, -5.0, 33.0, 3.0, -1.0, -7.0, -17.0
0.0, 2.0, 5.0, 39.0, 9.0, -3.0, 3.0, -10.0
2.0, 0.0, 10.0, -34.0, -6.0, 0.0, 7.0, -11.0
0.0, 1.0, 3.0, 26.0, 1.0, -8.0, -6.0, -18.0
-7.0, -3.0, -7.0, -43.0, -3.0, -5.0, -3.0, -18.0
1.0, 0.0, -4.0, -25.0, -3.0, 1.0, -1.0, -20.0
-1.0, 2.0, -2.0, 19.0, 30.0, 6.0, -11.0, -22.0
-3.0, 0.0, 10.0, 21.0, -4.0, 9.0, 22.0, 6.0
3.0, -3.0, -7.0, -11.0, -13.0, 2.0, 1.0, -19.0
1.0, 1.0, 6.0, 3.0, 8.0, -1.0, 0.0, -15.0
-5.0, -5.0, -16.0, -34.0, -9.0, -10.0, -13.0, -25.0
-3.0, -2.0, -1.0, -14.0, 0.0, -1.0, -4.0, -18.0
0.0, 0.0, -12.0, 7.0, -1.0, -4.0, -3.0, -19.0
-2.0, 0.0, 5.0, -29.0, -9.0, 6.0, -3.0, -16.0
3.0, 1.0, -6.0, 11.0, -4.0, -11.0, 11.0, 1.0
-3.0, -2.0, -4.0, -17.0, -4.0, -1.0, -6.0, -24.0
-1.0, 0.0, 12.0, -4.0, 4.0, -1.0, -2.0, -19.0
-4.0, -2.0, 4.0, 13.0, 4.0, 8.0, -4.0, -21.0
1.0, 2.0, 10.0, 18.0, 14.0, -11.0, 9.0, -14.0
2.0, -1.0, -9.0, -7.0, -18.0, -13.0, -6.0, -21.0
2.0, -3.0, -18.0, -7.0, 5.0, 11.0, -7.0, -14.0
-4.0, -2.0, 1.0, 1.0, 3.0, 5.0, 8.0, -13.0
-5.0, -4.0, 11.0, 4.0, -4.0, 3.0, 1.0, -13.0
2.0, 4.0, 7.0, 23.0, -3.0, -9.0, -13.0, -27.0
3.0, -4.0, -3.0, -6.0, -10.0, -1.0, 13.0, -2.0
-2.0, 0.0, 0.0, 3.0, 5.0, 5.0, -1.0, -10.0
1.0, -4.0, -17.0, -52.0, -10.0, -13.0, 4.0, -9.0
-3.0, -1.0, -5.0, 2.0, -1.0, 23.0, -6.0, -24.0
-3.0, 0.0, 0.0, -13.0, 2.0, 0.0, -3.0, -12.0
1.0, -2.0, -8.0, -38.0, -18.0, -3.0, 4.0, -12.0
3.0, 1.0, 9.0, 37.0, -1.0, 6.0, 2.0, -11.0
0.0, 3.0, 9.0, -3.0, 16.0, 2.0, -1.0, -7.0
1.0, -1.0, -13.0, -19.0, 7.0, -14.0, -9.0, -18.0
-3.0, -6.0, 3.0, -1.0, -26.0, 4.0, -10.0, -15.0
-1.0, -1.0, -13.0, -17.0, 9.0, -1.0, 2.0, -18.0
0.0, -3.0, -24.0, -68.0, -9.0, 0.0, 0.0, -18.0
-2.0, 3.0, 44.0, 76.0, 6.0, 3.0, 2.0, -17.0
-1.0, 3.0, 1.0, 31.0, 3.0, -12.0, -13.0, -25.0
-1.0, 0.0, 1.0, 19.0, 6.0, 2.0, -2.0, -20.0
-2.0, 1.0, 8.0, 21.0, -11.0, -36.0, -4.0, -10.0
-5.0, -5.0, -27.0, -55.0, -27.0, 38.0, -6.0, -25.0
7.0, 2.0, 2.0, 58.0, 41.0, 4.0, 6.0, -18.0
-4.0, -1.0, 29.0, -45.0, -44.0, 4.0, 4.0, -18.0
2.0, -2.0, -33.0, -11.0, 12.0, -3.0, -2.0, -11.0
-5.0, -2.0, -1.0, 13.0, -8.0, -21.0, 1.0, -17.0
-2.0, 1.0, 0.0, 18.0, 8.0, 6.0, 5.0, -8.0
1.0, 2.0, 9.0, 45.0, 11.0, 3.0, -1.0, -11.0
-2.0, -3.0, 12.0, 7.0, -6.0, -6.0, -4.0, -17.0
1.0, 0.0, -1.0, -43.0, 2.0, 18.0, -1.0, -15.0
-1.0, 1.0, 5.0, 21.0, 13.0, -10.0, -5.0, -7.0
2.0, -2.0, -19.0, -7.0, -10.0, -35.0, 0.0, -20.0
-1.0, -6.0, -23.0, -66.0, -2.0, 26.0, 14.0, 0.0
-1.0, 0.0, 2.0, 37.0, 5.0, -5.0, 1.0, -6.0
-1.0, 2.0, 25.0, -7.0, -6.0, 0.0, 0.0, -9.0
-1.0, 3.0, 8.0, 28.0, 18.0, -9.0, -5.0, -22.0
-10.0, -1.0, 3.0, -9.0, -19.0, -5.0, -24.0, -29.0
3.0, -6.0, -15.0, 23.0, 13.0, 2.0, 45.0, 13.0
-3.0, -3.0, 16.0, 8.0, -14.0, -8.0, -11.0, -26.0
0.0, -4.0, -17.0, -23.0, 2.0, -15.0, -11.0, -14.0
2.0, 3.0, 18.0, 82.0, 26.0, 55.0, 19.0, -7.0
-2.0, 2.0, -7.0, -74.0, -1.0, -16.0, -23.0, -25.0
-2.0, 0.0, -13.0, -6.0, 3.0, 9.0, 1.0, -9.0
-1.0, 2.0, 16.0, 60.0, 16.0, -14.0, 3.0, -14.0
-2.0, -2.0, -30.0, -73.0, -58.0, 6.0, -10.0, -13.0
-1.0, -1.0, 13.0, -46.0, 13.0, -22.0, -11.0, -21.0
1.0, -5.0, -23.0, -41.0, -10.0, 9.0, 13.0, -12.0
4.0, 2.0, 14.0, 67.0, 4.0, 25.0, -17.0, -22.0
-3.0, -4.0, 11.0, -49.0, 1.0, -16.0, 17.0, 0.0
5.0, 3.0, 10.0, 120.0, -13.0, 6.0, -8.0, -15.0
-5.0, -5.0, -35.0, -112.0, -13.0, -20.0, 6.0, -10.0
-1.0, -4.0, -8.0, 18.0, -9.0, 2.0, -8.0, -11.0
1.0, 1.0, -3.0, 36.0, 8.0, -7.0, 0.0, -24.0
-3.0, 0.0, 5.0, -26.0, -16.0, -3.0, -7.0, -28.0
1.0, -6.0, -19.0, -39.0, 23.0, -9.0, -35.0, -32.0
2.0, 3.0, 10.0, -7.0, 16.0, 33.0, 43.0, 19.0
0.0, -4.0, -25.0, 17.0, 8.0, 4.0, 1.0, -13.0
0.0, -1.0, 24.0, 71.0, 8.0, -7.0, 4.0, -9.0
-2.0, 2.0, -7.0, -35.0, -43.0, -6.0, -9.0, -19.0
-3.0, 1.0, 2.0, 13.0, 13.0, 5.0, -12.0, -29.0
-1.0, 0.0, 35.0, 31.0, 8.0, -24.0, 23.0, 5.0
-1.0, 1.0, -47.0, -23.0, -3.0, 8.0, -12.0, -21.0
-2.0, 2.0, 44.0, 83.0, 18.0, 5.0, 9.0, -8.0
-2.0, -5.0, -49.0, -88.0, -8.0, -17.0, 7.0, -15.0
1.0, 5.0, 11.0, 22.0, 2.0, 12.0, -11.0, -25.0
1.0, -2.0, 55.0, 9.0, -5.0, -5.0, 14.0, -11.0
-1.0, -3.0, -42.0, -50.0, -2.0, 15.0, 12.0, -10.0
-6.0, -1.0, -15.0, -17.0, -21.0, 0.0, 3.0, -16.0
2.0, -1.0, -11.0, 22.0, 5.0, -2.0, -18.0, -18.0
-1.0, 0.0, 5.0, 61.0, 14.0, -9.0, 1.0, -4.0
4.0, 7.0, 38.0, 48.0, 14.0, 1.0, 4.0, -20.0
-1.0, -2.0, -2.0, -66.0, -25.0, -1.0, -6.0, -13.0
3.0, -2.0, -1.0, -38.0, 9.0, -4.0, -24.0, -38.0
-4.0, -4.0, 8.0, -4.0, -7.0, 7.0, -4.0, -8.0
0.0, -8.0, -39.0, 58.0, 2.0, -8.0, 42.0, 11.0
-3.0, 3.0, 18.0, 40.0, 4.0, 20.0, -8.0, -23.0
3.0, 4.0, 2.0, -7.0, 19.0, -18.0, -10.0, -25.0
-3.0, -3.0, -27.0, -117.0, -22.0, -5.0, 0.0, -15.0
-1.0, 3.0, 28.0, 81.0, 22.0, 3.0, 7.0, -2.0
-3.0, -1.0, 4.0, 10.0, -23.0, -15.0, -13.0, -19.0
-4.0, -6.0, 16.0, 17.0, -12.0, 10.0, 4.0, -7.0
2.0, 4.0, -22.0, -71.0, 14.0, -8.0, -2.0, -19.0
3.0, -3.0, -7.0, -11.0, -7.0, 8.0, -14.0, -25.0
-3.0, -1.0, 8.0, 37.0, 23.0, 1.0, 2.0, -16.0
5.0, 5.0, -8.0, 38.0, -7.0, -11.0, -2.0, -21.0
3.0, -6.0, -7.0, 8.0, 31.0, 11.0, 9.0, -9.0
4.0, 6.0, 1.0, 25.0, -6.0, 17.0, -9.0, -14.0
-1.0, 1.0, 54.0, 4.0, -10.0, -6.0, 1.0, -10.0
-4.0, -6.0, -54.0, -9.0, 8.0, -3.0, 4.0, -9.0
-7.0, -2.0, -16.0, -39.0, -17.0, -7.0, -9.0, -25.0
1.0, 1.0, 29.0, -49.0, 1.0, -19.0, -3.0, -24.0
-1.0, -5.0, -25.0, 35.0, -26.0, 8.0, -1.0, -11.0
-5.0, 0.0, 8.0, -6.0, -5.0, -9.0, -1.0, -11.0
2.0, 1.0, 25.0, 85.0, 8.0, -6.0, -19.0, -27.0
-7.0, -5.0, -23.0, -32.0, -11.0, 0.0, 34.0, 13.0
5.0, -2.0, -19.0, -109.0, 7.0, 38.0, 8.0, -9.0
1.0, -1.0, -12.0, -38.0, -4.0, 1.0, -8.0, -19.0
-2.0, 2.0, -2.0, 1.0, -10.0, -9.0, 2.0, -1.0
2.0, -2.0, 31.0, 52.0, -13.0, -18.0, -32.0, -29.0
-3.0, -4.0, -31.0, 37.0, 2.0, -9.0, 9.0, -7.0
-2.0, -2.0, 7.0, -15.0, 0.0, 6.0, 19.0, 0.0
5.0, 2.0, -1.0, 30.0, 8.0, 19.0, -9.0, -13.0
-2.0, 3.0, 6.0, -39.0, -16.0, -6.0, -9.0, -12.0
0.0, 2.0, -12.0, 23.0, 23.0, -14.0, -2.0, -10.0
-3.0, -1.0, 19.0, -1.0, -44.0, 5.0, -3.0, -14.0
-6.0, -9.0, -41.0, -43.0, 6.0, -11.0, 3.0, -13.0
2.0, 0.0, 16.0, -26.0, 0.0, 9.0, -1.0, -14.0
2.0, 0.0, -7.0, -17.0, 3.0, -9.0, 4.0, -10.0
-4.0, -3.0, 20.0, 113.0, 24.0, -19.0, -12.0, -14.0
1.0, 0.0, -3.0, -23.0, -3.0, 35.0, -13.0, -23.0
-2.0, 2.0, -8.0, 12.0, 12.0, -11.0, 55.0, 25.0
-4.0, -4.0, -11.0, -20.0, -22.0, 20.0, -11.0, -22.0
-3.0, -6.0, 0.0, -69.0, -2.0, -11.0, 0.0, -9.0
3.0, 3.0, 17.0, 112.0, 1.0, -4.0, 3.0, -21.0
1.0, -5.0, -15.0, -61.0, -2.0, -1.0, -27.0, -27.0
-2.0, 3.0, 35.0, 54.0, 24.0, -10.0, 8.0, -15.0
-2.0, 3.0, -9.0, -16.0, -41.0, -3.0, -12.0, -18.0
-3.0, -6.0, -13.0, 10.0, 5.0, 20.0, 49.0, 16.0
6.0, 3.0, -2.0, -29.0, 19.0, 7.0, -8.0, -25.0
-5.0, -3.0, -13.0, -2.0, -23.0, -10.0, -10.0, -15.0
0.0, -2.0, 17.0, 22.0, 14.0, 16.0, 16.0, -8.0
-5.0, 1.0, 11.0, -1.0, -10.0, -12.0, -11.0, -12.0
2.0, -1.0, 2.0, -41.0, -16.0, -25.0, -28.0, -31.0
0.0, -4.0, -18.0, 48.0, -4.0, 16.0, 23.0, 10.0
3.0, 0.0, -13.0, -25.0, 10.0, -1.0, -5.0, -16.0
-4.0, -3.0, -9.0, -59.0, -24.0, 9.0, -8.0, -22.0
-4.0, -4.0, -9.0, 20.0, 13.0, -8.0, 2.0, -3.0
-1.0, 5.0, 31.0, -29.0, 0.0, 0.0, -27.0, -30.0
-2.0, 3.0, 6.0, 92.0, 5.0, -5.0, 27.0, 6.0
2.0, 0.0, 52.0, -25.0, 28.0, 22.0, -6.0, -24.0
-3.0, -8.0, -63.0, -51.0, -50.0, 0.0, -16.0, -28.0
2.0, 3.0, 25.0, 63.0, 24.0, -11.0, -10.0, -16.0
0.0, -4.0, -32.0, -52.0, 4.0, 2.0, 9.0, -7.0
2.0, 7.0, -3.0, 34.0, 8.0, -12.0, -6.0, -11.0
-3.0, -2.0, 31.0, -28.0, 16.0, 2.0, 0.0, -15.0
3.0, 4.0, -20.0, -6.0, -10.0, -13.0, -37.0, -31.0
-2.0, -1.0, 19.0, -29.0, -7.0, 7.0, 44.0, 17.0
-2.0, -3.0, -21.0, 3.0, 4.0, -10.0, -27.0, -26.0
-2.0, 3.0, 13.0, 76.0, 1.0, 7.0, 41.0, 22.0
1.0, -3.0, -35.0, -75.0, -16.0, -5.0, 3.0, -14.0
2.0, 5.0, 18.0, -19.0, 18.0, -30.0, -26.0, -30.0
-4.0, -5.0, 11.0, 80.0, -3.0, 12.0, -14.0, -29.0
-4.0, -1.0, -16.0, -61.0, 8.0, 34.0, -1.0, -11.0
0.0, 3.0, 36.0, 16.0, -5.0, 0.0, 15.0, -1.0
-6.0, -3.0, -3.0, 45.0, 11.0, 3.0, -8.0, -16.0
4.0, -1.0, 3.0, 12.0, -1.0, -16.0, 7.0, -10.0
-1.0, 3.0, -4.0, 127.0, 1.0, 0.0, -22.0, -23.0
-2.0, -7.0, 12.0, -19.0, 3.0, -26.0, 41.0, 18.0
-1.0, 1.0, -34.0, -118.0, -31.0, 4.0, -15.0, -21.0
5.0, 7.0, 9.0, -23.0, 1.0, -6.0, 10.0, -4.0
-6.0, -2.0, 7.0, -8.0, 13.0, 5.0, -11.0, -15.0
3.0, -2.0, -4.0, -26.0, -15.0, -14.0, 0.0, -13.0
-2.0, 3.0, 13.0, 8.0, 16.0, -3.0, -47.0, -47.0
-2.0, -3.0, -6.0, 0.0, -3.0, -12.0, 93.0, 49.0
3.0, 1.0, -35.0, 26.0, 8.0, -16.0, -3.0, -27.0
-2.0, -1.0, 35.0, 26.0, -2.0, 24.0, -6.0, -19.0
-5.0, -3.0, 9.0, -24.0, 9.0, 8.0, 7.0, -10.0
-5.0, -8.0, -56.0, -79.0, -16.0, -7.0, -5.0, -15.0
6.0, 5.0, 46.0, 83.0, -6.0, 0.0, -38.0, -37.0
-4.0, -3.0, -33.0, 7.0, 6.0, -10.0, 6.0, -12.0
2.0, -4.0, -10.0, -38.0, -22.0, -9.0, -7.0, -11.0
2.0, 3.0, 21.0, 11.0, 3.0, -1.0, -8.0, -8.0
-2.0, -3.0, 9.0, 38.0, -4.0, -9.0, 15.0, -5.0
3.0, 2.0, -10.0, -47.0, -2.0, 11.0, -17.0, -22.0
2.0, 2.0, 46.0, 75.0, 38.0, 10.0, -3.0, -6.0
-5.0, -8.0, -20.0, 11.0, -8.0, -11.0, -10.0, -16.0
-1.0, 5.0, 16.0, -30.0, 7.0, 10.0, 9.0, -2.0
-3.0, -4.0, -31.0, -66.0, 21.0, 5.0, -8.0, -25.0
-2.0, 2.0, -1.0, -22.0, -59.0, 2.0, 25.0, -4.0
8.0, 1.0, -7.0, 1.0, 28.0, -13.0, -43.0, -46.0
-6.0, -5.0, 3.0, 27.0, -57.0, -11.0, -4.0, -16.0
-2.0, -1.0, -9.0, -22.0, -3.0, 23.0, 12.0, -6.0
2.0, -1.0, 12.0, 69.0, 17.0, -16.0, 11.0, -13.0
-1.0, 4.0, -20.0, -57.0, -19.0, 8.0, -21.0, -24.0
-4.0, -8.0, 25.0, 0.0, 33.0, -31.0, 27.0, 2.0
1.0, 3.0, -27.0, 31.0, 6.0, 41.0, -27.0, -35.0
-3.0, -3.0, -13.0, 42.0, 3.0, 6.0, -2.0, -14.0
6.0, -1.0, 5.0, -13.0, -20.0, -12.0, 11.0, -9.0
6.0, 4.0, -13.0, -68.0, 18.0, -14.0, -44.0, -44.0
-9.0, -8.0, -19.0, -26.0, -45.0, -4.0, 36.0, 19.0
1.0, -2.0, 32.0, 67.0, 8.0, 6.0, -16.0, -17.0
-5.0, -4.0, 15.0, 26.0, 3.0, 7.0, -17.0, -22.0
-4.0, -1.0, -19.0, -74.0, -19.0, 5.0, 9.0, -7.0
2.0, 1.0, 29.0, 52.0, 9.0, -23.0, -4.0, -24.0
2.0, 3.0, -15.0, 22.0, 2.0, 9.0, -6.0, -21.0
-5.0, -7.0, -8.0, -68.0, 7.0, -9.0, 2.0, -12.0
0.0, -2.0, -25.0, 52.0, 4.0, 15.0, 8.0, -7.0
0.0, 1.0, 1.0, -26.0, 21.0, -13.0, -5.0, -14.0
-7.0, -4.0, -12.0, 10.0, -18.0, -12.0, 3.0, -11.0
9.0, 5.0, 23.0, 38.0, 14.0, 36.0, 8.0, -12.0
1.0, -1.0, 2.0, -22.0, -1.0, 10.0, 7.0, -7.0
-3.0, 2.0, 13.0, 20.0, -7.0, 0.0, -7.0, -20.0
7.0, -1.0, -2.0, 2.0, 16.0, -9.0, 6.0, -4.0
-10.0, -6.0, -15.0, -1.0, 9.0, -28.0, -41.0, -48.0
3.0, 0.0, 1.0, -43.0, -22.0, -1.0, 19.0, -4.0
3.0, -2.0, -18.0, 26.0, 11.0, 44.0, 7.0, -4.0
0.0, 1.0, 7.0, -9.0, -22.0, -5.0, -14.0, -25.0
-2.0, 0.0, -2.0, -21.0, 33.0, 43.0, -7.0, -20.0
1.0, -9.0, -56.0, -65.0, -22.0, 45.0, 0.0, -18.0
-4.0, 5.0, 70.0, 100.0, 43.0, -88.0, -10.0, -21.0
-5.0, -5.0, -29.0, -93.0, -23.0, 6.0, 10.0, -14.0
7.0, 6.0, 6.0, 6.0, 15.0, -12.0, -13.0, -26.0
-7.0, 6.0, 64.0, 30.0, -12.0, -12.0, -11.0, -14.0
0.0, -4.0, 18.0, -4.0, -13.0, -21.0, -1.0, -10.0
-1.0, -7.0, -93.0, -60.0, -26.0, 47.0, 61.0, 30.0
3.0, 2.0, 17.0, 31.0, 14.0, -11.0, 0.0, -12.0
-5.0, -4.0, 11.0, 47.0, -20.0, 1.0, -8.0, -15.0
-1.0, -1.0, 8.0, -51.0, -16.0, -11.0, -12.0, -26.0
2.0, 8.0, 61.0, 66.0, 42.0, -33.0, -12.0, -29.0
0.0, 2.0, 6.0, -9.0, -24.0, 10.0, 26.0, 2.0
4.0, -5.0, -52.0, -20.0, 22.0, -3.0, -11.0, -19.0
-2.0, -3.0, -25.0, 5.0, 0.0, -10.0, 27.0, 0.0
3.0, 1.0, 28.0, 28.0, 12.0, 12.0, -20.0, -32.0
-7.0, -2.0, 7.0, -12.0, -26.0, 3.0, 7.0, -2.0
0.0, 1.0, 14.0, 13.0, 38.0, -23.0, 11.0, -10.0
-5.0, -4.0, -26.0, -68.0, -36.0, 12.0, -14.0, -27.0
5.0, 3.0, -8.0, 5.0, 28.0, 10.0, -6.0, -12.0
-1.0, -1.0, -21.0, 9.0, -5.0, -14.0, 3.0, -9.0
-1.0, -1.0, 5.0, -12.0, -28.0, -4.0, -15.0, -22.0
-3.0, -10.0, -5.0, 61.0, 10.0, -12.0, 0.0, -20.0
4.0, 10.0, 89.0, 90.0, 35.0, -22.0, -23.0, -27.0
-11.0, -9.0, -57.0, -72.0, -55.0, 76.0, 52.0, 17.0
6.0, 0.0, -35.0, 16.0, 9.0, -51.0, -6.0, -20.0
1.0, 10.0, 3.0, 42.0, -3.0, 24.0, 13.0, -3.0
-3.0, -8.0, 21.0, -57.0, 7.0, -20.0, -20.0, -28.0
4.0, 6.0, 8.0, -21.0, 11.0, -25.0, -11.0, -14.0
-10.0, 1.0, -11.0, -2.0, -6.0, 24.0, -22.0, -28.0
9.0, 3.0, 20.0, 7.0, 4.0, 11.0, 37.0, 25.0
3.0, -1.0, -33.0, -34.0, -30.0, -4.0, 4.0, -12.0
-4.0, -2.0, 7.0, 53.0, 19.0, -13.0, -14.0, -26.0
-7.0, -3.0, 29.0, 19.0, 6.0, 5.0, 22.0, 0.0
-2.0, 0.0, 16.0, -3.0, -1.0, -2.0, -30.0, -27.0
0.0, 0.0, -44.0, -79.0, 0.0, 30.0, 6.0, -2.0
-11.0, -15.0, -15.0, -54.0, -40.0, -36.0, -7.0, -20.0
1.0, 7.0, 18.0, 44.0, 8.0, -12.0, -6.0, -19.0
2.0, 1.0, 3.0, 35.0, 12.0, 15.0, -10.0, -19.0
-1.0, 0.0, -17.0, -8.0, 9.0, -9.0, -19.0, -22.0
-4.0, -7.0, -7.0, -31.0, -23.0, 37.0, 13.0, 5.0
-4.0, -2.0, 6.0, 18.0, 12.0, -6.0, -4.0, -12.0
-6.0, -5.0, -56.0, -106.0, -8.0, 2.0, -4.0, -21.0
2.0, 0.0, 3.0, 79.0, 28.0, 4.0, -26.0, -33.0
11.0, 7.0, 33.0, 26.0, -36.0, -20.0, 32.0, -3.0
2.0, 2.0, 60.0, 110.0, 2.0, 28.0, -13.0, -19.0
2.0, -7.0, -57.0, -127.0, 2.0, 14.0, -19.0, -32.0
-6.0, -5.0, -25.0, 29.0, -26.0, -16.0, 6.0, -17.0
-3.0, 8.0, 48.0, 59.0, 23.0, -20.0, -15.0, -24.0
2.0, -8.0, -8.0, -25.0, 11.0, 11.0, -22.0, -31.0
2.0, 7.0, 8.0, 30.0, 0.0, -4.0, 76.0, 41.0
-3.0, -3.0, 1.0, 10.0, 1.0, 17.0, -7.0, -16.0
-4.0, -7.0, -5.0, -47.0, -9.0, 8.0, 1.0, -10.0
-2.0, 3.0, -22.0, 24.0, 19.0, 5.0, -8.0, -9.0
-2.0, 2.0, 9.0, -26.0, -35.0, -45.0, -20.0, -21.0
-4.0, -6.0, -12.0, -118.0, -28.0, 45.0, 17.0, 6.0
14.0, 7.0, 8.0, 101.0, 29.0, -6.0, -2.0, -13.0
0.0, 1.0, -4.0, -55.0, 7.0, -5.0, 8.0, -4.0
-3.0, -5.0, 6.0, -18.0, 3.0, -16.0, -19.0, -26.0
0.0, -2.0, 16.0, 95.0, 16.0, -9.0, 4.0, -11.0
-7.0, -9.0, -46.0, -95.0, -17.0, -1.0, 18.0, -7.0
3.0, -7.0, 10.0, 72.0, 76.0, 6.0, -4.0, -13.0
1.0, 11.0, 16.0, 12.0, -83.0, 18.0, -2.0, -14.0
5.0, 2.0, 21.0, -50.0, -28.0, -11.0, -28.0, -36.0
1.0, -3.0, -12.0, 63.0, 52.0, -35.0, 35.0, 22.0
1.0, -3.0, -24.0, -106.0, -21.0, 2.0, 7.0, -9.0
-3.0, -3.0, -13.0, 36.0, 47.0, 1.0, -4.0, -10.0
-4.0, -7.0, -18.0, 9.0, -28.0, -9.0, -18.0, -30.0
-7.0, 5.0, 64.0, 26.0, -8.0, 8.0, -27.0, -30.0
-3.0, -3.0, -46.0, -40.0, -13.0, 3.0, 25.0, 0.0
3.0, -2.0, 7.0, 106.0, 38.0, 20.0, -13.0, -16.0
-5.0, -8.0, -31.0, -82.0, -47.0, -29.0, 11.0, -6.0
0.0, 8.0, 8.0, 25.0, 13.0, -3.0, -13.0, -22.0
7.0, 3.0, 14.0, 13.0, -17.0, 1.0, 7.0, -14.0
-5.0, -2.0, 20.0, -20.0, -14.0, 2.0, -13.0, -21.0
6.0, 3.0, -13.0, 51.0, 11.0, -7.0, 13.0, -5.0
-4.0, -2.0, 33.0, -26.0, 5.0, 4.0, -22.0, -21.0
-1.0, 0.0, -13.0, 17.0, -3.0, 33.0, 35.0, 15.0
4.0, -3.0, -7.0, -25.0, 13.0, -10.0, 52.0, 22.0
-1.0, 0.0, 35.0, 86.0, 27.0, 0.0, 18.0, 11.0
-2.0, 1.0, -20.0, -98.0, 30.0, 11.0, -32.0, -34.0
1.0, 0.0, 3.0, 102.0, -36.0, -11.0, -18.0, -27.0
-2.0, 0.0, -1.0, -59.0, 15.0, 12.0, 5.0, -5.0
-3.0, 1.0, -13.0, -52.0, -4.0, 9.0, 17.0, -2.0
3.0, 5.0, 5.0, 45.0, -16.0, -25.0, -8.0, -21.0
5.0, 1.0, 7.0, -4.0, 16.0, 14.0, -4.0, -12.0
-1.0, -3.0, -4.0, 74.0, 45.0, 8.0, -1.0, -18.0
2.0, 0.0, 40.0, -30.0, -37.0, 40.0, -5.0, -18.0
-4.0, -7.0, -33.0, 22.0, -39.0, -93.0, -23.0, -23.0
-5.0, -4.0, -8.0, -44.0, -1.0, -8.0, 5.0, -13.0
-2.0, -6.0, -6.0, 32.0, -3.0, -2.0, -28.0, -36.0
-1.0, 2.0, 9.0, -11.0, 39.0, -10.0, -9.0, -14.0
0.0, 1.0, 35.0, -9.0, 8.0, 39.0, 23.0, 9.0
-6.0, -4.0, -43.0, -97.0, -32.0, -17.0, -10.0, -17.0
-2.0, -7.0, -17.0, 53.0, -4.0, -46.0, -68.0, -60.0
-5.0, 3.0, -3.0, -72.0, -22.0, 43.0, 38.0, 31.0
3.0, 0.0, -2.0, 2.0, 9.0, 15.0, -12.0, -20.0
-3.0, -2.0, 17.0, 18.0, -1.0, -17.0, -4.0, -11.0
4.0, 1.0, 14.0, 55.0, 17.0, 17.0, -23.0, -25.0
5.0, -1.0, -31.0, 13.0, -49.0, -1.0, -1.0, -11.0
1.0, -3.0, -23.0, -53.0, 11.0, 10.0, 11.0, -3.0
1.0, 8.0, 30.0, -29.0, 9.0, 17.0, -15.0, -20.0
-3.0, -2.0, 30.0, -35.0, 27.0, 12.0, 34.0, 9.0
-8.0, -11.0, -53.0, -13.0, -49.0, -31.0, -14.0, -25.0
-6.0, -5.0, -16.0, 11.0, -16.0, -1.0, 2.0, -17.0
5.0, 11.0, 11.0, 11.0, -8.0, -7.0, -3.0, -14.0
-5.0, -5.0, 22.0, -3.0, -14.0, -3.0, -6.0, -15.0
1.0, 3.0, 26.0, 63.0, 71.0, -23.0, 28.0, -2.0
2.0, 1.0, -27.0, -20.0, -13.0, 40.0, -19.0, -18.0
-3.0, -5.0, -13.0, -41.0, -16.0, -12.0, -3.0, -6.0
1.0, 8.0, -1.0, 5.0, -3.0, 5.0, 7.0, -15.0
-5.0, -8.0, -7.0, 5.0, 44.0, -9.0, -31.0, -33.0
0.0, 2.0, -3.0, 54.0, -49.0, -23.0, 51.0, 18.0
-5.0, -5.0, -21.0, 1.0, -5.0, 6.0, 0.0, -15.0
1.0, 3.0, -5.0, -73.0, -18.0, 10.0, -1.0, -3.0
4.0, 6.0, 21.0, -35.0, 6.0, -65.0, -8.0, -26.0
-4.0, -19.0, -14.0, 75.0, -10.0, 70.0, 8.0, -11.0
-4.0, -4.0, 23.0, 28.0, 3.0, -3.0, -32.0, -31.0
-3.0, -4.0, -8.0, -90.0, -10.0, 5.0, 14.0, -9.0
-11.0, 1.0, -36.0, 73.0, 18.0, 2.0, -27.0, -35.0
12.0, 7.0, 8.0, -56.0, -47.0, -19.0, -6.0, -19.0
2.0, 3.0, -2.0, -22.0, 27.0, 9.0, 33.0, 5.0
3.0, -7.0, -35.0, 45.0, -17.0, 30.0, -27.0, -28.0
-7.0, -3.0, 13.0, -54.0, -27.0, -63.0, 57.0, 26.0
-2.0, 6.0, 11.0, 53.0, 56.0, -2.0, -31.0, -32.0
1.0, -5.0, -7.0, -42.0, -61.0, 8.0, 18.0, -6.0
-3.0, 3.0, 24.0, -13.0, -29.0, -5.0, 0.0, -15.0
7.0, 1.0, 2.0, -2.0, 4.0, 24.0, -9.0, -27.0
-2.0, -6.0, -24.0, 10.0, 22.0, -24.0, -4.0, -19.0
9.0, 12.0, 32.0, -59.0, 16.0, 23.0, -16.0, -29.0
-1.0, -2.0, -21.0, 114.0, 79.0, 87.0, 32.0, 10.0
-9.0, -11.0, 33.0, -95.0, -48.0, 21.0, 31.0, 13.0
3.0, 3.0, 19.0, 3.0, -3.0, -7.0, 6.0, -11.0
-6.0, 0.0, -23.0, 32.0, 29.0, -19.0, -9.0, -9.0
10.0, 10.0, 13.0, 34.0, 3.0, -5.0, -9.0, -22.0
5.0, 0.0, -4.0, 29.0, -19.0, 7.0, -23.0, -26.0
-1.0, -8.0, -11.0, 1.0, -4.0, 0.0, 23.0, -1.0
-7.0, -5.0, 14.0, 16.0, -3.0, -10.0, -12.0, -30.0
-6.0, -9.0, -62.0, -46.0, 30.0, -23.0, 3.0, -21.0
2.0, 9.0, 13.0, 44.0, -38.0, 6.0, -10.0, -17.0
7.0, 6.0, -15.0, -72.0, -14.0, -23.0, -6.0, -15.0
5.0, -3.0, -21.0, 0.0, 13.0, 33.0, -3.0, -18.0
1.0, -6.0, 37.0, 9.0, -28.0, -34.0, 10.0, -5.0
-2.0, -3.0, -8.0, 29.0, 54.0, 9.0, 0.0, -6.0
-3.0, -2.0, 32.0, 45.0, -3.0, 8.0, -16.0, -26.0
1.0, 9.0, 7.0, -16.0, 14.0, 5.0, 9.0, -8.0
-12.0, -4.0, -26.0, -11.0, -27.0, -40.0, -18.0, -25.0
12.0, -2.0, 32.0, 87.0, 6.0, 31.0, -44.0, -48.0
0.0, -6.0, -59.0, -109.0, 6.0, 16.0, 38.0, 22.0
-2.0, -3.0, -10.0, 8.0, 15.0, -21.0, 21.0, -5.0
-1.0, 3.0, 14.0, -30.0, -18.0, -17.0, -2.0, -16.0
-2.0, -7.0, -40.0, -78.0, -10.0, -6.0, -13.0, -23.0
-8.0, -2.0, 20.0, 112.0, 5.0, -3.0, -29.0, -31.0
0.0, -1.0, 11.0, 44.0, 5.0, -14.0, 0.0, -12.0
1.0, 5.0, 5.0, -68.0, -20.0, -3.0, 2.0, -16.0
2.0, 4.0, 21.0, 96.0, 58.0, 0.0, 13.0, -10.0
-3.0, -2.0, -3.0, -52.0, -25.0, 29.0, -10.0, -25.0
-5.0, -4.0, -7.0, -69.0, -12.0, 6.0, 5.0, -16.0
4.0, 2.0, 5.0, 12.0, 2.0, 0.0, -5.0, -17.0
-4.0, -5.0, -17.0, -28.0, -38.0, -12.0, -9.0, -14.0
-2.0, 4.0, 11.0, -53.0, 26.0, -22.0, -4.0, -28.0
-5.0, -7.0, -16.0, 95.0, 8.0, -9.0, -15.0, -16.0
-3.0, -2.0, 11.0, -100.0, -38.0, 2.0, 9.0, -10.0
-2.0, -5.0, 6.0, 4.0, 31.0, 4.0, 7.0, -13.0
-3.0, 2.0, -1.0, -19.0, -6.0, 1.0, -13.0, -14.0
0.0, 0.0, 9.0, 30.0, -4.0, 4.0, -10.0, -27.0
5.0, 2.0, -9.0, 30.0, 0.0, 5.0, -9.0, -21.0
